case,z,matlab_probability_ml,python_probability_ml,matlab_binary_ml,python_binary_ml,intersection_voxels,matlab_only_voxels,python_only_voxels,dice
MRNE085,0,0.0,0.0,0.0,0.0,0,0,0,
MRNE085,1,0.0,0.0,0.0,0.0,0,0,0,
MRNE085,2,0.0,0.0,0.0,0.0,0,0,0,
MRNE085,3,0.0,0.0,0.0,0.0,0,0,0,
MRNE085,4,0.0,0.0,0.0,0.0,0,0,0,
MRNE085,5,0.0,0.0,0.0,0.0,0,0,0,
MRNE085,6,0.0,0.0,0.0,0.0,0,0,0,
MRNE085,7,0.0,0.0,0.0,0.0,0,0,0,
MRNE085,8,0.0,0.0,0.0,0.0,0,0,0,
MRNE085,9,0.0,0.0,0.0,0.0,0,0,0,
MRNE085,10,0.0,0.0,0.0,0.0,0,0,0,
MRNE085,11,0.0,0.0,0.0,0.0,0,0,0,
MRNE085,12,0.0,0.0,0.0,0.0,0,0,0,
MRNE085,13,0.0,0.0,0.0,0.0,0,0,0,
MRNE085,14,0.0,0.0,0.0,0.0,0,0,0,
MRNE085,15,0.0,0.0,0.0,0.0,0,0,0,
MRNE085,16,0.0,0.0,0.0,0.0,0,0,0,
MRNE085,17,0.0,0.0,0.0,0.0,0,0,0,
MRNE085,18,0.0,0.0,0.0,0.0,0,0,0,
MRNE085,19,0.0,0.0,0.0,0.0,0,0,0,
MRNE085,20,0.0,0.0,0.0,0.0,0,0,0,
MRNE085,21,0.0,0.0,0.0,0.0,0,0,0,
MRNE085,22,0.0,0.0,0.0,0.0,0,0,0,
MRNE085,23,0.0,0.0,0.0,0.0,0,0,0,
MRNE085,24,0.0,0.0,0.0,0.0,0,0,0,
MRNE085,25,0.0,0.0,0.0,0.0,0,0,0,
MRNE085,26,0.0,0.0,0.0,0.0,0,0,0,
MRNE085,27,0.0,0.0,0.0,0.0,0,0,0,
MRNE085,28,0.0,0.0,0.0,0.0,0,0,0,
MRNE085,29,0.0,0.0,0.0,0.0,0,0,0,
MRNE085,30,0.0,0.0,0.0,0.0,0,0,0,
MRNE085,31,0.0,0.0,0.0,0.0,0,0,0,
MRNE085,32,0.0,0.0,0.0,0.0,0,0,0,
MRNE085,33,0.0,0.005606334090232849,0.0,0.006,0,0,6,0.0
MRNE085,34,0.0,0.004272607289254666,0.0,0.004,0,0,4,0.0
MRNE085,35,0.0,0.0,0.0,0.0,0,0,0,
MRNE085,36,0.0,0.0,0.0,0.0,0,0,0,
MRNE085,37,0.0,0.0,0.0,0.0,0,0,0,
MRNE085,38,0.0,0.0,0.0,0.0,0,0,0,
MRNE085,39,0.0,0.0,0.0,0.0,0,0,0,
MRNE085,40,0.0,0.0,0.0,0.0,0,0,0,
MRNE085,41,0.0,0.0,0.0,0.0,0,0,0,
MRNE085,42,0.0,0.0,0.0,0.0,0,0,0,
MRNE085,43,0.0,0.0,0.0,0.0,0,0,0,
MRNE085,44,0.0,0.0,0.0,0.0,0,0,0,
MRNE085,45,0.0,0.0,0.0,0.0,0,0,0,
MRNE085,46,0.0,0.0,0.0,0.0,0,0,0,
MRNE085,47,0.0,0.0,0.0,0.0,0,0,0,
MRNE085,48,0.0,0.0,0.0,0.0,0,0,0,
MRNE085,49,0.0,0.0,0.0,0.0,0,0,0,
MRNE085,50,0.0,0.0,0.0,0.0,0,0,0,
MRNE085,51,0.0011112998062151069,0.0,0.0009999977946281433,0.0,0,1,0,0.0
MRNE085,52,0.0069999845624385505,0.016032780428858445,0.006999984562397003,0.016,7,0,9,0.6086956521739131
MRNE085,53,0.01031712509788531,0.05234892869460714,0.009999977946281434,0.052000000000000005,5,5,47,0.16129032258064516
MRNE085,54,0.018641577045946607,0.03655536639295315,0.018999958097934724,0.036000000000000004,11,8,25,0.4
MRNE085,55,0.009233672166062605,0.021384216558071784,0.00899998015165329,0.021,1,8,20,0.06666666666666667
MRNE085,56,0.009565237928283355,0.017655555322660804,0.00899998015165329,0.017,4,5,13,0.3076923076923077
MRNE085,57,0.0072629825275223195,0.005772479131802584,0.006999984562397003,0.004,3,4,1,0.5454545454545454
MRNE085,58,0.006092922797042236,0.003431214462965727,0.0059999867677688595,0.003,3,3,0,0.6666666666666666
MRNE085,59,0.008092658969262893,0.0050565915144979955,0.007999982357025147,0.005,2,6,3,0.3076923076923077
MRNE085,60,0.01750093446447112,0.007260671317577363,0.016999962508678437,0.007,2,15,5,0.16666666666666666
MRNE085,61,0.011261698239843108,0.00705398353934288,0.010999975740909577,0.007,4,7,3,0.4444444444444444
MRNE085,62,0.0,0.0,0.0,0.0,0,0,0,
MRNE085,63,0.0010000546634420084,0.0,0.0009999977946281433,0.0,0,1,0,0.0
MRNE085,64,0.0019999955892562866,0.0,0.0019999955892562866,0.0,0,2,0,0.0
MRNE085,65,0.0019999955892562866,0.0,0.0019999955892562866,0.0,0,2,0,0.0
MRNE085,66,0.0,0.0,0.0,0.0,0,0,0,
MRNE085,67,0.0,0.0,0.0,0.0,0,0,0,
MRNE085,68,0.0009999977946281433,0.0,0.0009999977946281433,0.0,0,1,0,0.0
MRNE085,69,0.0009999977946281433,0.0,0.0009999977946281433,0.0,0,1,0,0.0
MRNE085,70,0.0,0.0,0.0,0.0,0,0,0,
MRNE085,71,0.0,0.0,0.0,0.0,0,0,0,
MRNE085,72,0.0031971393797148506,0.0,0.0029999933838844297,0.0,0,3,0,0.0
MRNE085,73,0.004036731225437836,0.0,0.003999991178512573,0.0,0,4,0,0.0
MRNE085,74,0.0070945267612683395,0.0,0.006999984562397003,0.0,0,7,0,0.0
MRNE085,75,0.03443489709377851,0.004757685987278819,0.03299992722272873,0.004,4,29,0,0.21621621621621623
MRNE085,76,0.049185293336598775,0.02566774525976507,0.047999894142150876,0.025,25,23,0,0.684931506849315
MRNE085,77,0.04966718698874869,0.0338658620903152,0.04999988973140716,0.034,29,21,5,0.6904761904761905
MRNE085,78,0.052082926166694465,0.03548586095974315,0.050999887526035306,0.035,28,23,7,0.6511627906976745
MRNE085,79,0.05695220158320314,0.05930448372219689,0.05699987429380417,0.057,33,24,24,0.5789473684210527
MRNE085,80,0.08430296794325551,0.06953828344587237,0.08599981033802033,0.068,49,37,19,0.6363636363636364
MRNE085,81,0.06920924280900656,0.05679453621339053,0.06899984782934189,0.055,44,25,11,0.7096774193548387
MRNE085,82,0.05608091596473149,0.037580382540370466,0.05399988090991974,0.036000000000000004,18,36,18,0.4
MRNE085,83,0.05498175764450036,0.06538212658744762,0.05199988532066345,0.062,30,22,32,0.5263157894736842
MRNE085,84,0.049542499152993066,0.05714261644702407,0.04699989634752274,0.055,27,20,28,0.5294117647058824
MRNE085,85,0.051788396451675094,0.07182989989897376,0.047999894142150876,0.069,43,5,26,0.7350427350427351
MRNE085,86,0.07474641795463516,0.08917230629553953,0.07299983900785446,0.08700000000000001,70,3,17,0.875
MRNE085,87,0.09530639438702876,0.10068183332050622,0.09299979490041733,0.098,87,6,11,0.9109947643979057
MRNE085,88,0.11883485196999938,0.11448824555511934,0.11699974197149277,0.111,94,23,17,0.8245614035087719
MRNE085,89,0.1375639385587784,0.13762586129369447,0.13299970668554306,0.136,115,18,21,0.8550185873605948
MRNE085,90,0.14135153344821988,0.1435336914942557,0.13899969345331192,0.14200000000000002,123,16,19,0.8754448398576512
MRNE085,91,0.13982368285138339,0.13619588032334193,0.13699969786405564,0.134,116,21,18,0.8560885608856088
MRNE085,92,0.12661666553456608,0.11543348613276945,0.12199973094463348,0.111,103,19,8,0.8841201716738197
MRNE085,93,0.17019027363871522,0.1657896940668565,0.1659996339082718,0.163,147,19,16,0.8936170212765957
MRNE085,94,0.2215281633304959,0.2122692052225536,0.21999951481819152,0.209,194,26,15,0.9044289044289044
MRNE085,95,0.24919538186491189,0.24855987119597017,0.2449994596838951,0.243,218,27,25,0.8934426229508197
MRNE085,96,0.2817231957784845,0.27900068345849727,0.2769993891119957,0.274,247,30,27,0.896551724137931
MRNE085,97,0.2940019634594807,0.29729372855824177,0.2869993670582771,0.292,252,35,40,0.8704663212435233
MRNE085,98,0.32067496645666144,0.3249289690216058,0.31499930530786513,0.319,280,35,39,0.8832807570977917
MRNE085,99,0.3597460396034812,0.3590496317731258,0.3529992215037346,0.355,310,43,45,0.8757062146892656
MRNE085,100,0.3709162009587663,0.3651071641558412,0.3659991928339005,0.361,317,49,44,0.8720770288858322
MRNE085,101,0.3929268214679513,0.3973105371222698,0.38899914211034775,0.392,334,55,58,0.8553137003841229
MRNE085,102,0.4103475237679563,0.42361449316841276,0.4039991090297699,0.41400000000000003,358,46,56,0.8753056234718827
MRNE085,103,0.425074271189024,0.4484245305846871,0.4179990781545639,0.436,366,52,70,0.8571428571428571
MRNE085,104,0.43573526069813096,0.4544118780908191,0.4289990538954735,0.444,371,58,73,0.849942726231386
MRNE085,105,0.4381522303318088,0.4757164686670004,0.4289990538954735,0.465,379,50,86,0.8478747203579419
MRNE085,106,0.4265829353476206,0.48178231318235826,0.4159990825653076,0.47200000000000003,371,45,101,0.8355855855855856
MRNE085,107,0.41843769478666265,0.47446786363510196,0.40599910461902616,0.462,366,40,96,0.8433179723502304
MRNE085,108,0.43677026764427196,0.4968933733110831,0.4249990627169609,0.483,379,46,104,0.8348017621145375
MRNE085,109,0.46126268336518716,0.539048941735074,0.4469990141987801,0.527,406,41,121,0.8336755646817249
MRNE085,110,0.45468645273536656,0.5833733794319521,0.4449990186095238,0.5690000000000001,419,26,150,0.8264299802761341
MRNE085,111,0.4072455638457933,0.6001634409706404,0.3949991288781166,0.585,380,15,205,0.7755102040816326
MRNE085,112,0.4010567976005865,0.6152319673494069,0.3969991244673729,0.596,382,15,214,0.7693856998992951
MRNE085,113,0.43704864242275754,0.6668301460736662,0.4249990627169609,0.654,412,13,242,0.7636700648748842
MRNE085,114,0.5106510471126235,0.734579081103281,0.49699890393018725,0.715,487,10,228,0.8036303630363036
MRNE085,115,0.6347555503214938,0.8659420785022924,0.6189986348748208,0.851,612,7,239,0.8326530612244898
MRNE085,116,0.6908737331445959,0.8933031614684701,0.6789985025525093,0.876,674,5,202,0.8668810289389067
MRNE085,117,0.6746026222429774,0.8951871289610706,0.662998537838459,0.884,652,11,232,0.8429217840982547
MRNE085,118,0.6962481577778488,0.9082159742280098,0.6879984827041626,0.896,682,6,214,0.8611111111111112
MRNE085,119,0.6683629941263226,0.913763210862162,0.6549985554814338,0.9,644,11,256,0.8282958199356913
MRNE085,120,0.6468804026486324,0.8979239777316366,0.6349985995888711,0.883,624,11,259,0.8221343873517787
MRNE085,121,0.5943502479382525,0.8365368412351236,0.5799987208843231,0.8230000000000001,576,4,247,0.8210976478973628
MRNE085,122,0.5488024530312281,0.7518549307454377,0.5369988157153129,0.737,533,4,204,0.8367346938775511
MRNE085,123,0.46290340727733714,0.6834829868709204,0.4479990119934082,0.669,447,1,222,0.8003581020590869
MRNE085,124,0.38566092030414884,0.6423644151431509,0.3739991751909256,0.631,374,0,257,0.7442786069651741
MRNE085,125,0.28968802672099775,0.5463105262827885,0.27799938690662385,0.532,278,0,254,0.6864197530864198
MRNE085,126,0.20621537979217594,0.41607820110023025,0.19699956554174422,0.402,197,0,205,0.657762938230384
MRNE085,127,0.12035509906350927,0.32096683570160534,0.11199975299835205,0.312,112,0,200,0.5283018867924528
MRNE085,128,0.08267113716434962,0.2005185387474485,0.07899982577562333,0.193,79,0,114,0.5808823529411765
MRNE085,129,0.04109659213147146,0.1030261927737156,0.039999911785125734,0.098,40,0,58,0.5797101449275363
MRNE085,130,0.018702717454922288,0.045183045045356265,0.016999962508678437,0.04,17,0,23,0.5964912280701754
MRNE085,131,0.0,0.0,0.0,0.0,0,0,0,
MRNE085,132,0.0,0.0,0.0,0.0,0,0,0,
MRNE085,133,0.0,0.0,0.0,0.0,0,0,0,
MRNE085,134,0.0,0.0,0.0,0.0,0,0,0,
MRNE085,135,0.0,0.0,0.0,0.0,0,0,0,
MRNE085,136,0.0,0.0,0.0,0.0,0,0,0,
MRNE085,137,0.0,0.0,0.0,0.0,0,0,0,
MRNE085,138,0.0,0.0,0.0,0.0,0,0,0,
MRNE085,139,0.0,0.0,0.0,0.0,0,0,0,
MRNE085,140,0.0,0.0,0.0,0.0,0,0,0,
MRNE085,141,0.0,0.0,0.0,0.0,0,0,0,
MRNE085,142,0.0,0.0,0.0,0.0,0,0,0,
MRNE085,143,0.0,0.0,0.0,0.0,0,0,0,
MRNE085,144,0.0,0.0,0.0,0.0,0,0,0,
MRNE085,145,0.0,0.0,0.0,0.0,0,0,0,
MRNE085,146,0.0,0.0,0.0,0.0,0,0,0,
MRNE085,147,0.0,0.0,0.0,0.0,0,0,0,
MRNE085,148,0.0,0.0,0.0,0.0,0,0,0,
MRNE085,149,0.0,0.0,0.0,0.0,0,0,0,
MRNE085,150,0.0,0.0,0.0,0.0,0,0,0,
MRNE085,151,0.0,0.0,0.0,0.0,0,0,0,
MRNE085,152,0.0,0.0,0.0,0.0,0,0,0,
MRNE085,153,0.0,0.0,0.0,0.0,0,0,0,
MRNE085,154,0.0,0.0,0.0,0.0,0,0,0,
MRNE085,155,0.0,0.0,0.0,0.0,0,0,0,
MRNE085,156,0.0,0.0,0.0,0.0,0,0,0,
MRNE085,157,0.0,0.0,0.0,0.0,0,0,0,
MRNE085,158,0.0,0.0,0.0,0.0,0,0,0,
MRNE085,159,0.0,0.0,0.0,0.0,0,0,0,
MRNE085,160,0.0,0.0,0.0,0.0,0,0,0,
MRNE085,161,0.0,0.0,0.0,0.0,0,0,0,
MRNE085,162,0.0,0.0,0.0,0.0,0,0,0,
MRNE085,163,0.0,0.0,0.0,0.0,0,0,0,
MRNE085,164,0.0,0.0,0.0,0.0,0,0,0,
MRNE085,165,0.0,0.0,0.0,0.0,0,0,0,
MRNE085,166,0.0,0.0,0.0,0.0,0,0,0,
MRNE085,167,0.0,0.0,0.0,0.0,0,0,0,
MRNE085,168,0.0,0.0,0.0,0.0,0,0,0,
MRNE085,169,0.0,0.0,0.0,0.0,0,0,0,
MRNE085,170,0.0,0.0,0.0,0.0,0,0,0,
MRNE085,171,0.0,0.0,0.0,0.0,0,0,0,
MRNE085,172,0.0,0.0,0.0,0.0,0,0,0,
MRNE085,173,0.0,0.0,0.0,0.0,0,0,0,
MRNE085,174,0.0,0.0,0.0,0.0,0,0,0,
MRNE085,175,0.0,0.0,0.0,0.0,0,0,0,
MRNE066,0,0.0,0.0,0.0,0.0,0,0,0,
MRNE066,1,0.0,0.0,0.0,0.0,0,0,0,
MRNE066,2,0.0,0.0,0.0,0.0,0,0,0,
MRNE066,3,0.0,0.0,0.0,0.0,0,0,0,
MRNE066,4,0.0,0.0,0.0,0.0,0,0,0,
MRNE066,5,0.0,0.0,0.0,0.0,0,0,0,
MRNE066,6,0.0,0.0,0.0,0.0,0,0,0,
MRNE066,7,0.0,0.0,0.0,0.0,0,0,0,
MRNE066,8,0.0,0.0,0.0,0.0,0,0,0,
MRNE066,9,0.0,0.0,0.0,0.0,0,0,0,
MRNE066,10,0.0,0.0,0.0,0.0,0,0,0,
MRNE066,11,0.0,0.0,0.0,0.0,0,0,0,
MRNE066,12,0.0,0.0,0.0,0.0,0,0,0,
MRNE066,13,0.0,0.0,0.0,0.0,0,0,0,
MRNE066,14,0.0,0.0,0.0,0.0,0,0,0,
MRNE066,15,0.0,0.0,0.0,0.0,0,0,0,
MRNE066,16,0.0,0.0,0.0,0.0,0,0,0,
MRNE066,17,0.0,0.0,0.0,0.0,0,0,0,
MRNE066,18,0.0,0.0,0.0,0.0,0,0,0,
MRNE066,19,0.0,0.0,0.0,0.0,0,0,0,
MRNE066,20,0.0,0.0,0.0,0.0,0,0,0,
MRNE066,21,0.0,0.0,0.0,0.0,0,0,0,
MRNE066,22,0.0,0.0,0.0,0.0,0,0,0,
MRNE066,23,0.0,0.0,0.0,0.0,0,0,0,
MRNE066,24,0.0,0.0,0.0,0.0,0,0,0,
MRNE066,25,0.0,0.0,0.0,0.0,0,0,0,
MRNE066,26,0.0,0.0,0.0,0.0,0,0,0,
MRNE066,27,0.0,0.0,0.0,0.0,0,0,0,
MRNE066,28,0.0,0.0,0.0,0.0,0,0,0,
MRNE066,29,0.0,0.0,0.0,0.0,0,0,0,
MRNE066,30,0.0,0.0,0.0,0.0,0,0,0,
MRNE066,31,0.0,0.0,0.0,0.0,0,0,0,
MRNE066,32,0.0,0.0,0.0,0.0,0,0,0,
MRNE066,33,0.0,0.0,0.0,0.0,0,0,0,
MRNE066,34,0.0,0.0,0.0,0.0,0,0,0,
MRNE066,35,0.0,0.0,0.0,0.0,0,0,0,
MRNE066,36,0.0,0.0,0.0,0.0,0,0,0,
MRNE066,37,0.0,0.0,0.0,0.0,0,0,0,
MRNE066,38,0.0,0.0,0.0,0.0,0,0,0,
MRNE066,39,0.0,0.0,0.0,0.0,0,0,0,
MRNE066,40,0.0,0.0,0.0,0.0,0,0,0,
MRNE066,41,0.0,0.0,0.0,0.0,0,0,0,
MRNE066,42,0.0,0.0,0.0,0.0,0,0,0,
MRNE066,43,0.0,0.0,0.0,0.0,0,0,0,
MRNE066,44,0.0,0.0,0.0,0.0,0,0,0,
MRNE066,45,0.0,0.0,0.0,0.0,0,0,0,
MRNE066,46,0.0,0.0,0.0,0.0,0,0,0,
MRNE066,47,0.0,0.0,0.0,0.0,0,0,0,
MRNE066,48,0.0,0.0,0.0,0.0,0,0,0,
MRNE066,49,0.0,0.0,0.0,0.0,0,0,0,
MRNE066,50,0.0,0.0,0.0,0.0,0,0,0,
MRNE066,51,0.0,0.0,0.0,0.0,0,0,0,
MRNE066,52,0.0,0.0,0.0,0.0,0,0,0,
MRNE066,53,0.0,0.0,0.0,0.0,0,0,0,
MRNE066,54,0.002005575099760999,0.0,0.001999999761581421,0.0,0,2,0,0.0
MRNE066,55,0.004999999403953553,0.0,0.004999999403953553,0.0,0,5,0,0.0
MRNE066,56,0.004812850318807257,0.0,0.004999999403953553,0.0,0,5,0,0.0
MRNE066,57,0.001999999761581421,0.0,0.001999999761581421,0.0,0,2,0,0.0
MRNE066,58,0.0029999996423721313,0.0,0.0029999996423721313,0.0,0,3,0,0.0
MRNE066,59,0.008618702760716822,0.0,0.007999999046325684,0.0,0,8,0,0.0
MRNE066,60,0.00901156045079243,0.003,0.008999998927116394,0.003,1,8,2,0.16666666666666666
MRNE066,61,0.011761557518057951,0.003,0.011999998569488525,0.003,3,9,0,0.4
MRNE066,62,0.009475069103940399,0.002,0.008999998927116394,0.002,2,7,0,0.36363636363636365
MRNE066,63,0.0029999996423721313,0.001977154076099396,0.0029999996423721313,0.002,1,2,1,0.4
MRNE066,64,0.006058089467661196,0.0,0.005999999284744263,0.0,0,6,0,0.0
MRNE066,65,0.00502557292485292,0.0,0.004999999403953553,0.0,0,5,0,0.0
MRNE066,66,0.007040599047023072,0.0,0.006999999165534973,0.0,0,7,0,0.0
MRNE066,67,0.0112555457086209,0.00729930479824543,0.010999998688697814,0.007,7,4,0,0.7777777777777778
MRNE066,68,0.010870352596598399,0.008424343168735504,0.010999998688697814,0.008,8,3,0,0.8421052631578947
MRNE066,69,0.010415582368900346,0.00878777927160263,0.010999998688697814,0.009000000000000001,9,2,0,0.9
MRNE066,70,0.00953559071891405,0.005298196509480477,0.008999998927116394,0.005,5,4,0,0.7142857142857143
MRNE066,71,0.011525141291582714,0.0,0.009999998807907105,0.0,0,10,0,0.0
MRNE066,72,0.012132019844931806,0.008339890127070248,0.010999998688697814,0.008,8,3,0,0.8421052631578947
MRNE066,73,0.019402948461633457,0.008372968472540378,0.016999997973442076,0.008,7,10,1,0.56
MRNE066,74,0.031121723930741533,0.009695431313477457,0.029999996423721313,0.009000000000000001,8,22,1,0.41025641025641024
MRNE066,75,0.02901292036820273,0.011811593124177308,0.028999996542930603,0.011,10,19,1,0.5
MRNE066,76,0.016544531268346818,0.008258771877735853,0.013999998331069945,0.008,8,6,0,0.7272727272727273
MRNE066,77,0.0,0.0,0.0,0.0,0,0,0,
MRNE066,78,0.013684784730069215,0.0,0.012999998450279236,0.0,0,13,0,0.0
MRNE066,79,0.020912119274142583,0.001,0.01999999761581421,0.001,1,19,0,0.09523809523809523
MRNE066,80,0.019505831358258882,0.001,0.018999997735023498,0.001,1,18,0,0.1
MRNE066,81,0.009891908729877818,0.001,0.008999998927116394,0.001,1,8,0,0.2
MRNE066,82,0.001999999761581421,0.0,0.001999999761581421,0.0,0,2,0,0.0
MRNE066,83,0.005999999284744263,0.0,0.005999999284744263,0.0,0,6,0,0.0
MRNE066,84,0.006135984240652922,0.0038077465891838075,0.005999999284744263,0.004,0,6,4,0.0
MRNE066,85,0.006999999165534973,0.003727274179458618,0.006999999165534973,0.004,0,7,4,0.0
MRNE066,86,0.010848230841966613,0.002918199509382248,0.009999998807907105,0.003,0,10,3,0.0
MRNE066,87,0.010915402465340045,0.0,0.010999998688697814,0.0,0,11,0,0.0
MRNE066,88,0.011075914765040148,0.002,0.010999998688697814,0.002,2,9,0,0.3076923076923077
MRNE066,89,0.005334433694549283,0.002,0.004999999403953553,0.002,2,3,0,0.5714285714285714
MRNE066,90,0.0029999996423721313,0.0,0.0029999996423721313,0.0,0,3,0,0.0
MRNE066,91,0.0009999998807907104,0.0,0.0009999998807907104,0.0,0,1,0,0.0
MRNE066,92,0.004527195259189641,0.0,0.003999999523162842,0.0,0,4,0,0.0
MRNE066,93,0.01031860666416053,0.002,0.009999998807907105,0.002,2,8,0,0.3333333333333333
MRNE066,94,0.01745623754684471,0.002,0.015999998092651367,0.002,2,14,0,0.2222222222222222
MRNE066,95,0.02525387389818556,0.0,0.02499999701976776,0.0,0,25,0,0.0
MRNE066,96,0.03576207511588221,0.0020002068199319184,0.03399999594688415,0.002,2,32,0,0.1111111111111111
MRNE066,97,0.03918974239061706,0.018175451891482227,0.03599999570846558,0.018000000000000002,5,31,13,0.18518518518518517
MRNE066,98,0.05870832191214071,0.03112245641559457,0.054999993443489076,0.03,19,36,11,0.4470588235294118
MRNE066,99,0.07188690969200057,0.04483901104720644,0.06899999177455902,0.045,33,36,12,0.5789473684210527
MRNE066,100,0.08746526172414448,0.051868359584092104,0.08399998998641968,0.051000000000000004,40,44,11,0.5925925925925926
MRNE066,101,0.10067909545067692,0.07012455965463482,0.09999998807907104,0.069,58,42,11,0.6863905325443787
MRNE066,102,0.11658655963516802,0.0729695399320699,0.11199998664855956,0.07200000000000001,56,56,16,0.6086956521739131
MRNE066,103,0.13121424497017328,0.0688840073809152,0.12699998486042022,0.068,58,69,10,0.5948717948717949
MRNE066,104,0.12055721598255074,0.055463335234535324,0.11499998629093171,0.055,42,73,13,0.49411764705882355
MRNE066,105,0.11758709328807042,0.058823671898273464,0.11399998641014099,0.056,42,72,14,0.49411764705882355
MRNE066,106,0.10346631341226907,0.06319288151689109,0.09999998807907104,0.061,40,60,21,0.4968944099378882
MRNE066,107,0.10248996346624509,0.06698366999917853,0.09799998831748963,0.066,49,49,17,0.5975609756097561
MRNE066,108,0.10170587247718815,0.08615310481542442,0.0959999885559082,0.083,54,42,29,0.6033519553072626
MRNE066,109,0.1003942510197759,0.09824489026915545,0.0949999886751175,0.097,55,40,42,0.5729166666666666
MRNE066,110,0.10589028388784123,0.09991293982434647,0.10199998784065246,0.096,58,44,38,0.5858585858585859
MRNE066,111,0.09814417954784273,0.07937645953879732,0.0949999886751175,0.075,56,39,19,0.6588235294117647
MRNE066,112,0.0950266216224965,0.06119097867398767,0.09099998915195465,0.058,45,46,13,0.6040268456375839
MRNE066,113,0.09726938885722589,0.06639119882523772,0.08999998927116394,0.065,47,43,18,0.6064516129032258
MRNE066,114,0.10065453104142782,0.0747321934093472,0.0949999886751175,0.073,63,32,10,0.75
MRNE066,115,0.08841059215091378,0.06984416438632587,0.08499998986721038,0.069,58,27,11,0.7532467532467533
MRNE066,116,0.07314574036379269,0.045065541826676894,0.07099999153614044,0.043000000000000003,41,30,2,0.7192982456140351
MRNE066,117,0.04301134747777541,0.022867347634245562,0.03999999523162842,0.022,22,18,0,0.7096774193548387
MRNE066,118,0.011401358410833356,0.00439902073238045,0.010999998688697814,0.004,4,7,0,0.5333333333333333
MRNE066,119,0.0,0.0,0.0,0.0,0,0,0,
MRNE066,120,0.0,0.0,0.0,0.0,0,0,0,
MRNE066,121,0.0,0.0,0.0,0.0,0,0,0,
MRNE066,122,0.0,0.0,0.0,0.0,0,0,0,
MRNE066,123,0.0,0.0,0.0,0.0,0,0,0,
MRNE066,124,0.0,0.0,0.0,0.0,0,0,0,
MRNE066,125,0.0,0.0,0.0,0.0,0,0,0,
MRNE066,126,0.0,0.0,0.0,0.0,0,0,0,
MRNE066,127,0.0,0.0,0.0,0.0,0,0,0,
MRNE066,128,0.0,0.0,0.0,0.0,0,0,0,
MRNE066,129,0.0,0.0,0.0,0.0,0,0,0,
MRNE066,130,0.0,0.0,0.0,0.0,0,0,0,
MRNE066,131,0.0,0.0,0.0,0.0,0,0,0,
MRNE066,132,0.0,0.0,0.0,0.0,0,0,0,
MRNE066,133,0.0,0.0,0.0,0.0,0,0,0,
MRNE066,134,0.0,0.0,0.0,0.0,0,0,0,
MRNE066,135,0.0,0.0,0.0,0.0,0,0,0,
MRNE066,136,0.0,0.0,0.0,0.0,0,0,0,
MRNE066,137,0.0,0.0,0.0,0.0,0,0,0,
MRNE066,138,0.0,0.0,0.0,0.0,0,0,0,
MRNE066,139,0.0,0.0,0.0,0.0,0,0,0,
MRNE066,140,0.0,0.0,0.0,0.0,0,0,0,
MRNE066,141,0.0,0.0,0.0,0.0,0,0,0,
MRNE066,142,0.0,0.0,0.0,0.0,0,0,0,
MRNE066,143,0.0,0.0,0.0,0.0,0,0,0,
MRNE066,144,0.0,0.0,0.0,0.0,0,0,0,
MRNE066,145,0.0,0.0,0.0,0.0,0,0,0,
MRNE066,146,0.0,0.0,0.0,0.0,0,0,0,
MRNE066,147,0.0,0.0,0.0,0.0,0,0,0,
MRNE066,148,0.0,0.0,0.0,0.0,0,0,0,
MRNE066,149,0.0,0.0,0.0,0.0,0,0,0,
MRNE066,150,0.0,0.0,0.0,0.0,0,0,0,
MRNE066,151,0.0,0.0,0.0,0.0,0,0,0,
MRNE066,152,0.0,0.0,0.0,0.0,0,0,0,
MRNE066,153,0.0,0.0,0.0,0.0,0,0,0,
MRNE066,154,0.0,0.0,0.0,0.0,0,0,0,
MRNE066,155,0.0,0.0,0.0,0.0,0,0,0,
MRNE066,156,0.0,0.0,0.0,0.0,0,0,0,
MRNE066,157,0.0,0.0,0.0,0.0,0,0,0,
MRNE066,158,0.0,0.0,0.0,0.0,0,0,0,
MRNE066,159,0.0,0.0,0.0,0.0,0,0,0,
MRNE066,160,0.0,0.0,0.0,0.0,0,0,0,
MRNE066,161,0.0,0.0,0.0,0.0,0,0,0,
MRNE066,162,0.0,0.0,0.0,0.0,0,0,0,
MRNE066,163,0.0,0.0,0.0,0.0,0,0,0,
MRNE066,164,0.0,0.0,0.0,0.0,0,0,0,
MRNE066,165,0.0,0.0,0.0,0.0,0,0,0,
MRNE066,166,0.0,0.0,0.0,0.0,0,0,0,
MRNE066,167,0.0,0.0,0.0,0.0,0,0,0,
MRNE066,168,0.0,0.0,0.0,0.0,0,0,0,
MRNE066,169,0.0,0.0,0.0,0.0,0,0,0,
MRNE066,170,0.0,0.0,0.0,0.0,0,0,0,
MRNE066,171,0.0,0.0,0.0,0.0,0,0,0,
MRNE066,172,0.0,0.0,0.0,0.0,0,0,0,
MRNE066,173,0.0,0.0,0.0,0.0,0,0,0,
MRNE066,174,0.0,0.0,0.0,0.0,0,0,0,
MRNE066,175,0.0,0.0,0.0,0.0,0,0,0,
